,State,Family,Housing,Food,Transportation,Healthcare,Other Necessities ,Childcare,Taxes,Total,num_parents,num_children,state_id
0,Alabama,1p0c,534.5223880597015,272.97014925373134,913.8955223880597,474.2985074626866,292.5970149253731,0.0,472.76119402985074,2961.044776119403,1.0,0.0,01
1,Alabama,1p1c,708.223880597015,402.2985074626866,972.2985074626865,711.820895522388,402.3731343283582,425.7014925373134,485.97014925373134,4108.55223880597,1.0,1.0,01
2,Alabama,1p2c,708.223880597015,589.4328358208955,1036.313432835821,949.0895522388059,470.089552238806,1055.6268656716418,582.8358208955224,5391.776119402985,1.0,2.0,01
3,Alabama,1p3c,926.6716417910447,786.3283582089553,1084.8507462686566,1186.6119402985075,620.6865671641791,1249.4925373134329,751.179104477612,6605.910447761194,1.0,3.0,01
4,Alabama,1p4c,926.6716417910447,962.3731343283582,1112.5223880597016,1423.9253731343283,684.5820895522388,1249.4925373134329,749.4477611940298,7109.313432835821,1.0,4.0,01
5,Alabama,2p0c,577.1044776119403,500.4029850746269,1075.9701492537313,948.5970149253732,390.44776119402985,0.0,587.0,4079.5522388059703,2.0,0.0,01
6,Alabama,2p1c,708.223880597015,622.7910447761194,1137.044776119403,1186.1044776119404,482.2835820895522,425.7014925373134,652.5820895522388,5214.7164179104475,2.0,1.0,01
7,Alabama,2p2c,708.223880597015,788.9701492537314,1184.402985074627,1423.3880597014925,542.4776119402985,1055.6268656716418,731.6119402985074,6434.507462686567,2.0,2.0,01
8,Alabama,2p3c,926.6716417910447,963.1044776119403,1211.5820895522388,1660.9402985074628,684.7910447761194,1249.4925373134329,825.1641791044776,7521.701492537313,2.0,3.0,01
9,Alabama,2p4c,926.6716417910447,1178.5671641791046,1222.3731343283582,1898.2388059701493,762.8656716417911,1249.4925373134329,807.5373134328358,8045.895522388059,2.0,4.0,01
10,Alaska,1p0c,850.9655172413793,284.7241379310345,848.3103448275862,521.2758620689655,411.48275862068965,0.0,453.3448275862069,3369.8275862068967,1.0,0.0,02
11,Alaska,1p1c,1200.1379310344828,419.2413793103448,905.3448275862069,782.2068965517242,586.7586206896551,892.0689655172414,566.9655172413793,5352.758620689655,1.0,1.0,02
12,Alaska,1p2c,1200.1379310344828,592.9310344827586,966.5172413793103,1043.344827586207,649.6896551724138,1656.2068965517242,704.8275862068965,6813.310344827586,1.0,2.0,02
13,Alaska,1p3c,1582.7241379310344,798.8965517241379,1027.1724137931035,1303.5862068965516,863.0344827586207,1891.3103448275863,981.7931034482758,8448.896551724138,1.0,3.0,02
14,Alaska,1p4c,1582.7241379310344,983.448275862069,1058.7241379310344,1564.7241379310344,929.8275862068965,1891.3103448275863,989.0344827586207,8999.931034482759,1.0,4.0,02
15,Alaska,2p0c,951.2758620689655,521.8275862068965,1005.1034482758621,1042.448275862069,533.7586206896551,0.0,551.3103448275862,4605.482758620689,2.0,0.0,02
16,Alaska,2p1c,1200.1379310344828,649.3793103448276,1062.1379310344828,1302.7931034482758,670.1379310344828,892.0689655172414,692.0689655172414,6468.9655172413795,2.0,1.0,02
17,Alaska,2p2c,1200.1379310344828,802.0689655172414,1123.2068965517242,1563.7241379310344,725.448275862069,1656.2068965517242,756.2068965517242,7827.241379310345,2.0,2.0,02
18,Alaska,2p3c,1582.7241379310344,984.4137931034483,1154.6896551724137,1824.8620689655172,930.2413793103449,1891.3103448275863,928.7586206896551,9297.034482758621,2.0,3.0,02
19,Alaska,2p4c,1582.7241379310344,1208.8275862068965,1150.2068965517242,2085.793103448276,1011.448275862069,1891.3103448275863,914.7931034482758,9845.275862068966,2.0,4.0,02
20,Arizona,1p0c,695.0666666666667,262.1333333333333,924.2666666666667,484.46666666666664,346.8,0.0,464.46666666666664,3177.0,1.0,0.0,04
21,Arizona,1p1c,966.0,386.4,981.9333333333333,726.5333333333333,490.0,628.0,507.46666666666664,4686.333333333333,1.0,1.0,04
22,Arizona,1p2c,966.0,566.2666666666667,1056.4,968.9333333333333,555.1333333333333,1237.2666666666667,594.2666666666667,5944.333333333333,1.0,2.0,04
23,Arizona,1p3c,1334.4,755.3333333333334,1114.2,1211.4666666666667,757.2666666666667,1424.7333333333333,836.1333333333333,7433.0,1.0,3.0,04
24,Arizona,1p4c,1334.4,924.4666666666667,1147.5333333333333,1453.6666666666667,818.6,1424.7333333333333,831.5333333333333,7934.666666666667,1.0,4.0,04
25,Arizona,2p0c,764.6,480.6,1092.7333333333333,968.4,451.2,0.0,547.7333333333333,4305.333333333333,2.0,0.0,04
26,Arizona,2p1c,966.0,598.3333333333334,1164.6666666666667,1210.7333333333333,566.9333333333333,628.0,648.0,5782.533333333334,2.0,1.0,04
27,Arizona,2p2c,966.0,758.0,1221.1333333333334,1453.2666666666667,624.4666666666667,1237.2666666666667,691.6666666666666,6951.533333333334,2.0,2.0,04
28,Arizona,2p3c,1334.4,925.2,1253.8666666666666,1695.4666666666667,818.6,1424.7333333333333,838.0,8290.266666666666,2.0,3.0,04
29,Arizona,2p4c,1334.4,1131.9333333333334,1276.3333333333333,1938.0666666666666,893.6666666666666,1424.7333333333333,817.2666666666667,8816.466666666667,2.0,4.0,04
30,Arkansas,1p0c,506.4533333333333,250.68,925.4266666666666,401.8666666666667,274.3466666666667,0.0,426.92,2785.693333333333,1.0,0.0,05
31,Arkansas,1p1c,684.9733333333334,369.44,977.5333333333333,601.9333333333333,382.0133333333333,422.2266666666667,408.46666666666664,3846.786666666667,1.0,1.0,05
32,Arkansas,1p2c,684.9733333333334,541.3066666666666,1038.48,802.7333333333333,444.3066666666667,846.1333333333333,432.50666666666666,4790.1466666666665,1.0,2.0,05
33,Arkansas,1p3c,903.8266666666667,722.1333333333333,1077.3733333333332,1002.5333333333333,589.12,976.6666666666666,541.0666666666667,5812.653333333334,1.0,3.0,05
34,Arkansas,1p4c,903.8266666666667,883.9066666666666,1100.3466666666666,1202.6,647.8133333333334,976.6666666666666,507.4,6222.76,1.0,4.0,05
35,Arkansas,2p0c,543.76,459.6,1085.04,803.7333333333333,363.49333333333334,0.0,461.84,3717.36,2.0,0.0,05
36,Arkansas,2p1c,684.9733333333334,571.9733333333334,1143.36,1003.8,455.48,422.2266666666667,517.08,4798.96,2.0,1.0,05
37,Arkansas,2p2c,684.9733333333334,724.6,1180.1866666666667,1203.8666666666666,510.72,846.1333333333333,510.94666666666666,5661.573333333334,2.0,2.0,05
38,Arkansas,2p3c,903.8266666666667,884.5066666666667,1202.5866666666666,1404.6666666666667,648.0,976.6666666666666,568.8666666666667,6588.84,2.0,3.0,05
39,Arkansas,2p4c,903.8266666666667,1082.3466666666666,1212.8533333333332,1604.4666666666667,719.6933333333334,976.6666666666666,518.4933333333333,7018.546666666667,2.0,4.0,05
40,California,1p0c,1066.0862068965516,311.3103448275862,980.8793103448276,474.13793103448273,499.12068965517244,0.0,662.5,3993.6724137931033,1.0,0.0,06
41,California,1p1c,1532.9655172413793,458.7931034482759,1055.0862068965516,711.1034482758621,721.6724137931035,743.1896551724138,801.9655172413793,6024.689655172414,1.0,1.0,06
42,California,1p2c,1532.9655172413793,672.3620689655172,1147.7413793103449,948.2241379310345,799.0689655172414,1161.1379310344828,915.448275862069,7176.913793103448,1.0,2.0,06
43,California,1p3c,2112.9310344827586,896.9310344827586,1229.5344827586207,1185.2241379310344,1090.6379310344828,1289.7758620689656,1390.9137931034484,9196.103448275862,1.0,3.0,06
44,California,1p4c,2112.9310344827586,1097.8620689655172,1278.5172413793102,1422.3620689655172,1163.396551724138,1289.7758620689656,1434.3620689655172,9799.603448275862,1.0,4.0,06
45,California,2p0c,1210.5689655172414,570.8620689655172,1173.603448275862,947.6379310344828,645.4655172413793,0.0,718.0862068965517,5266.258620689655,2.0,0.0,06
46,California,2p1c,1532.9655172413793,710.5344827586207,1263.3103448275863,1184.7758620689656,812.948275862069,743.1896551724138,936.3448275862069,7183.948275862069,2.0,1.0,06
47,California,2p2c,1532.9655172413793,899.7413793103449,1345.0689655172414,1421.948275862069,881.5,1161.1379310344828,992.0689655172414,8234.603448275862,2.0,2.0,06
48,California,2p3c,2112.9310344827586,1098.655172413793,1392.948275862069,1659.155172413793,1163.7068965517242,1289.7758620689656,1357.7241379310344,10074.98275862069,2.0,3.0,06
49,California,2p4c,2112.9310344827586,1344.4137931034484,1416.655172413793,1896.3275862068965,1252.7413793103449,1289.7758620689656,1385.2931034482758,10698.310344827587,2.0,4.0,06
50,Colorado,1p0c,806.28125,295.15625,992.25,347.125,399.03125,0.0,535.203125,3374.75,1.0,0.0,08
51,Colorado,1p1c,1078.296875,434.875,1065.359375,521.046875,548.265625,757.625,643.484375,5049.109375,1.0,1.0,08
52,Colorado,1p2c,1078.296875,637.265625,1160.8125,695.71875,621.640625,1220.625,730.9375,6145.109375,1.0,2.0,08
53,Colorado,1p3c,1449.65625,850.109375,1218.125,869.84375,833.3125,1363.15625,983.203125,7567.375,1.0,3.0,08
54,Colorado,1p4c,1449.65625,1040.609375,1247.5,1044.140625,902.28125,1363.15625,976.3125,8023.625,1.0,4.0,08
55,Colorado,2p0c,859.71875,541.09375,1175.40625,693.984375,507.546875,0.0,596.15625,4373.546875,2.0,0.0,08
56,Colorado,2p1c,1078.296875,673.40625,1270.703125,868.140625,634.703125,757.625,765.875,6048.625,2.0,1.0,08
57,Colorado,2p2c,1078.296875,852.796875,1326.578125,1042.4375,699.703125,1220.625,799.09375,7019.53125,2.0,2.0,08
58,Colorado,2p3c,1449.65625,1041.1875,1354.578125,1216.796875,902.59375,1363.15625,958.75,8286.65625,2.0,3.0,08
59,Colorado,2p4c,1449.65625,1274.171875,1368.65625,1390.90625,986.921875,1363.15625,941.109375,8774.8125,2.0,4.0,08
60,Connecticut,1p0c,910.0,312.375,870.0,434.875,443.0,0.0,585.25,3556.25,1.0,0.0,09
61,Connecticut,1p1c,1341.5,460.25,955.75,654.25,652.875,1038.875,899.0,6002.375,1.0,1.0,09
62,Connecticut,1p2c,1341.5,674.5,1046.75,872.75,730.25,1459.625,1079.875,7205.0,1.0,2.0,09
63,Connecticut,1p3c,1694.375,899.625,1150.5,1091.375,940.0,1589.25,1423.25,8788.375,1.0,3.0,09
64,Connecticut,1p4c,1694.375,1101.5,1195.25,1310.625,1013.0,1589.25,1473.875,9377.125,1.0,4.0,09
65,Connecticut,2p0c,1075.0,572.875,1067.875,870.625,597.0,0.0,711.875,4895.0,2.0,0.0,09
66,Connecticut,2p1c,1341.5,712.625,1155.75,1089.25,744.25,1038.875,1029.625,7112.125,2.0,1.0,09
67,Connecticut,2p2c,1341.5,902.5,1261.875,1307.875,813.0,1459.625,1127.5,8214.375,2.0,2.0,09
68,Connecticut,2p3c,1694.375,1102.0,1304.875,1526.875,1013.125,1589.25,1384.5,9614.5,2.0,3.0,09
69,Connecticut,2p4c,1694.375,1348.5,1330.0,1745.625,1102.5,1589.25,1436.0,10246.25,2.0,4.0,09
70,Delaware,1p0c,812.3333333333334,289.3333333333333,846.0,474.0,399.3333333333333,0.0,552.3333333333334,3373.0,1.0,0.0,10
71,Delaware,1p1c,1105.3333333333333,426.3333333333333,929.0,716.0,555.0,769.0,695.3333333333334,5195.666666666667,1.0,1.0,10
72,Delaware,1p2c,1105.3333333333333,624.6666666666666,1044.0,957.0,627.3333333333334,1223.0,806.6666666666666,6387.333333333333,1.0,2.0,10
73,Delaware,1p3c,1476.6666666666667,833.3333333333334,1122.6666666666667,1199.0,837.0,1362.3333333333333,1126.6666666666667,7958.0,1.0,3.0,10
74,Delaware,1p4c,1476.6666666666667,1020.3333333333334,1167.0,1440.0,905.0,1362.3333333333333,1166.0,8537.333333333334,1.0,4.0,10
75,Delaware,2p0c,900.3333333333334,530.6666666666666,1038.0,948.0,518.0,0.0,662.6666666666666,4598.0,2.0,0.0,10
76,Delaware,2p1c,1105.3333333333333,660.3333333333334,1152.3333333333333,1190.0,639.6666666666666,769.0,838.6666666666666,6355.0,2.0,1.0,10
77,Delaware,2p2c,1105.3333333333333,836.3333333333334,1231.0,1431.0,703.6666666666666,1223.0,860.0,7390.333333333333,2.0,2.0,10
78,Delaware,2p3c,1476.6666666666667,1020.6666666666666,1273.3333333333333,1673.0,905.0,1362.3333333333333,1056.0,8767.0,2.0,3.0,10
79,Delaware,2p4c,1476.6666666666667,1249.0,1297.6666666666667,1914.0,987.6666666666666,1362.3333333333333,1071.3333333333333,9359.333333333334,2.0,4.0,10
80,District of Columbia,1p0c,1387.0,374.0,472.0,411.0,638.0,0.0,577.0,3860.0,1.0,0.0,11
81,District of Columbia,1p1c,1618.0,552.0,532.0,689.0,786.0,1666.0,1180.0,7023.0,1.0,1.0,11
82,District of Columbia,1p2c,1618.0,808.0,627.0,967.0,879.0,3504.0,2076.0,10479.0,1.0,2.0,11
83,District of Columbia,1p3c,2074.0,1078.0,681.0,1244.0,1142.0,4069.0,2615.0,12905.0,1.0,3.0,11
84,District of Columbia,1p4c,2074.0,1320.0,713.0,1522.0,1230.0,4069.0,2695.0,13623.0,1.0,4.0,11
85,District of Columbia,2p0c,1419.0,686.0,601.0,822.0,763.0,0.0,714.0,5004.0,2.0,0.0,11
86,District of Columbia,2p1c,1618.0,854.0,696.0,1100.0,896.0,1666.0,1195.0,8025.0,2.0,1.0,11
87,District of Columbia,2p2c,1618.0,1082.0,747.0,1378.0,978.0,3504.0,1906.0,11212.0,2.0,2.0,11
88,District of Columbia,2p3c,2074.0,1321.0,777.0,1655.0,1230.0,4069.0,2517.0,13644.0,2.0,3.0,11
89,District of Columbia,2p4c,2074.0,1616.0,790.0,1933.0,1337.0,4069.0,2645.0,14465.0,2.0,4.0,11
90,Florida,1p0c,760.3134328358209,288.1940298507463,861.9253731343283,449.7910447761194,379.92537313432837,0.0,418.65671641791045,3159.0,1.0,0.0,12
91,Florida,1p1c,1007.4626865671642,424.7910447761194,935.5970149253732,676.6865671641791,519.0,562.3432835820895,424.25373134328356,4550.164179104478,1.0,1.0,12
92,Florida,1p2c,1007.4626865671642,622.3731343283582,1015.4029850746268,903.776119402985,590.5074626865671,954.1044776119403,419.44776119402985,5513.089552238806,1.0,2.0,12
93,Florida,1p3c,1339.4925373134329,830.2835820895523,1079.4626865671642,1130.6268656716418,786.2388059701492,1074.6567164179105,560.4626865671642,6801.164179104478,1.0,3.0,12
94,Florida,1p4c,1339.4925373134329,1016.2985074626865,1115.402985074627,1357.5671641791046,853.5671641791045,1074.6567164179105,535.8955223880597,7293.014925373134,1.0,4.0,12
95,Florida,2p0c,823.8507462686567,528.4179104477612,1040.9850746268658,899.5820895522388,489.92537313432837,0.0,497.1194029850746,4280.014925373134,2.0,0.0,12
96,Florida,2p1c,1007.4626865671642,657.7014925373135,1118.1940298507463,1126.55223880597,603.4029850746268,562.3432835820895,548.3582089552239,5624.014925373134,2.0,1.0,12
97,Florida,2p2c,1007.4626865671642,832.955223880597,1181.3731343283582,1353.7014925373135,666.8805970149253,954.1044776119403,519.7462686567164,6516.134328358209,2.0,2.0,12
98,Florida,2p3c,1339.4925373134329,1017.0149253731344,1216.2686567164178,1580.4179104477612,853.7910447761194,1074.6567164179105,588.7014925373135,7670.373134328358,2.0,3.0,12
99,Florida,2p4c,1339.4925373134329,1244.4776119402984,1245.402985074627,1807.4179104477612,936.2835820895523,1074.6567164179105,546.6417910447761,8194.462686567163,2.0,4.0,12
100,Georgia,1p0c,609.1761006289308,264.9559748427673,920.6477987421383,428.2138364779874,316.7295597484277,0.0,491.45911949685535,3031.238993710692,1.0,0.0,13
101,Georgia,1p1c,764.9874213836478,390.4654088050315,981.8553459119497,642.9937106918239,418.69182389937106,494.25786163522014,487.42767295597486,4180.805031446541,1.0,1.0,13
102,Georgia,1p2c,764.9874213836478,572.1320754716982,1044.2767295597484,857.622641509434,484.45283018867923,788.6729559748428,464.39622641509436,4976.773584905661,1.0,2.0,13
103,Georgia,1p3c,1005.622641509434,763.3207547169811,1087.7610062893082,1072.7610062893082,640.9245283018868,879.2138364779875,571.9245283018868,6021.402515723271,1.0,3.0,13
104,Georgia,1p4c,1005.622641509434,934.3018867924528,1112.3270440251572,1287.4905660377358,702.8867924528302,879.2138364779875,531.5723270440252,6453.3836477987425,1.0,4.0,13
105,Georgia,2p0c,634.5157232704403,485.8050314465409,1087.8993710691823,856.4276729559748,405.8867924528302,0.0,576.2641509433962,4046.710691823899,2.0,0.0,13
106,Georgia,2p1c,764.9874213836478,604.6037735849056,1146.9559748427673,1071.2138364779873,496.2704402515723,494.25786163522014,630.6666666666666,5209.012578616353,2.0,1.0,13
107,Georgia,2p2c,764.9874213836478,765.8301886792453,1188.553459119497,1286.0314465408806,554.6415094339623,788.6729559748428,587.1509433962265,5935.735849056604,2.0,2.0,13
108,Georgia,2p3c,1005.622641509434,934.8427672955975,1212.301886792453,1500.817610062893,703.0817610062893,879.2138364779875,645.2327044025158,6881.207547169812,2.0,3.0,13
109,Georgia,2p4c,1005.622641509434,1144.0503144654087,1224.2075471698113,1715.74213836478,778.8805031446541,879.2138364779875,598.125786163522,7345.761006289308,2.0,4.0,13
110,Hawaii,1p0c,1181.6,423.2,951.0,387.8,581.8,0.0,828.6,4353.8,1.0,0.0,15
111,Hawaii,1p1c,1692.8,621.6,1016.0,581.8,838.6,719.6,1118.0,6589.0,1.0,1.0,15
112,Hawaii,1p2c,1692.8,874.0,1079.4,776.0,930.0,1444.4,1417.0,8213.6,1.0,2.0,15
113,Hawaii,1p3c,2334.4,1178.0,1146.8,970.6,1272.6,1667.6,1988.0,10557.4,1.0,3.0,15
114,Hawaii,1p4c,2334.4,1450.2,1166.8,1164.6,1371.6,1667.6,2062.0,11216.2,1.0,4.0,15
115,Hawaii,2p0c,1322.0,776.2,1154.0,775.0,760.4,0.0,983.4,5771.2,2.0,0.0,15
116,Hawaii,2p1c,1692.8,963.8,1213.4,969.2,962.6,719.6,1242.8,7764.6,2.0,1.0,15
117,Hawaii,2p2c,1692.8,1185.2,1283.2,1163.8,1042.8,1444.4,1462.0,9274.0,2.0,2.0,15
118,Hawaii,2p3c,2334.4,1454.2,1301.4,1357.8,1372.6,1667.6,1973.2,11461.2,2.0,3.0,15
119,Hawaii,2p4c,2334.4,1785.2,1312.0,1552.4,1492.8,1667.6,2069.4,12213.6,2.0,4.0,15
120,Idaho,1p0c,581.7954545454545,281.02272727272725,995.3636363636364,416.90909090909093,312.6136363636364,0.0,490.84090909090907,3078.2727272727275,1.0,0.0,16
121,Idaho,1p1c,805.5,414.04545454545456,1053.2045454545455,625.5681818181819,441.84090909090907,520.9318181818181,466.65909090909093,4327.886363636364,1.0,1.0,16
122,Idaho,1p2c,805.5,606.6590909090909,1127.159090909091,834.5,511.77272727272725,1057.340909090909,517.3181818181819,5460.227272727273,1.0,2.0,16
123,Idaho,1p3c,1123.5227272727273,809.4090909090909,1206.4545454545455,1043.5681818181818,700.4090909090909,1222.3863636363637,743.2954545454545,6848.909090909091,1.0,3.0,16
124,Idaho,1p4c,1123.5227272727273,990.7272727272727,1228.8181818181818,1252.6136363636363,766.0681818181819,1222.3863636363637,722.6590909090909,7306.636363636364,1.0,4.0,16
125,Idaho,2p0c,627.9318181818181,515.1136363636364,1161.5,833.5,414.15909090909093,0.0,528.8409090909091,4080.9545454545455,2.0,0.0,16
126,Idaho,2p1c,805.5,641.1590909090909,1233.0,1042.2045454545455,524.2272727272727,520.9318181818181,611.2727272727273,5378.272727272727,2.0,1.0,16
127,Idaho,2p2c,805.5,812.0681818181819,1314.6136363636363,1251.2272727272727,586.0227272727273,1057.340909090909,646.6136363636364,6473.431818181818,2.0,2.0,16
128,Idaho,2p3c,1123.5227272727273,991.3409090909091,1335.2727272727273,1460.090909090909,766.3181818181819,1222.3863636363637,763.1590909090909,7662.204545454545,2.0,3.0,16
129,Idaho,2p4c,1123.5227272727273,1213.1363636363637,1337.6136363636363,1669.1363636363637,846.7272727272727,1222.3863636363637,725.4545454545455,8137.909090909091,2.0,4.0,16
130,Illinois,1p0c,560.1078431372549,247.33333333333334,900.6862745098039,519.5980392156863,292.54901960784315,0.0,499.38235294117646,3019.3823529411766,1.0,0.0,17
131,Illinois,1p1c,786.2549019607843,364.53921568627453,974.8823529411765,781.2450980392157,417.02941176470586,673.2843137254902,601.7254901960785,4598.813725490196,1.0,1.0,17
132,Illinois,1p2c,786.2549019607843,534.1078431372549,1073.421568627451,1043.1666666666667,478.4117647058824,1144.7941176470588,675.0490196078431,5734.990196078431,1.0,2.0,17
133,Illinois,1p3c,1029.813725490196,712.4901960784314,1124.5196078431372,1304.8235294117646,631.3137254901961,1289.9019607843138,854.1274509803922,6947.0392156862745,1.0,3.0,17
134,Illinois,1p4c,1029.813725490196,872.1862745098039,1156.313725490196,1566.5980392156862,689.156862745098,1289.9019607843138,855.3921568627451,7459.5392156862745,1.0,4.0,17
135,Illinois,2p0c,626.3039215686274,453.5,1083.5588235294117,1038.5882352941176,391.2647058823529,0.0,636.0588235294117,4229.411764705882,2.0,0.0,17
136,Illinois,2p1c,786.2549019607843,564.3627450980392,1182.5980392156862,1300.5882352941176,489.44117647058823,673.2843137254902,781.2156862745098,5777.598039215686,2.0,1.0,17
137,Illinois,2p2c,786.2549019607843,714.9313725490196,1231.3725490196077,1562.4411764705883,543.9313725490196,1144.7941176470588,815.7058823529412,6799.196078431372,2.0,2.0,17
138,Illinois,2p3c,1029.813725490196,872.6960784313726,1261.8921568627452,1824.264705882353,689.3823529411765,1289.9019607843138,909.3039215686274,7877.225490196079,2.0,3.0,17
139,Illinois,2p4c,1029.813725490196,1067.9901960784314,1280.0588235294117,2086.0196078431372,760.1078431372549,1289.9019607843138,896.7352941176471,8410.696078431372,2.0,4.0,17
140,Indiana,1p0c,558.554347826087,240.67391304347825,902.4782608695652,410.1847826086956,289.60869565217394,0.0,424.19565217391306,2825.358695652174,1.0,0.0,18
141,Indiana,1p1c,790.5652173913044,354.6521739130435,968.5326086956521,619.195652173913,414.9347826086956,681.8913043478261,483.3152173913044,4313.065217391304,1.0,1.0,18
142,Indiana,1p2c,790.5652173913044,519.5652173913044,1049.8695652173913,828.4565217391304,474.7282608695652,1317.8478260869565,554.6630434782609,5535.630434782609,1.0,2.0,18
143,Indiana,1p3c,1034.641304347826,693.1739130434783,1118.7826086956522,1037.804347826087,626.1304347826087,1513.5869565217392,702.6630434782609,6726.630434782609,1.0,3.0,18
144,Indiana,1p4c,1034.641304347826,848.5217391304348,1144.695652173913,1247.0217391304348,682.4239130434783,1513.5869565217392,662.2065217391304,7132.978260869565,1.0,4.0,18
145,Indiana,2p0c,626.6847826086956,441.1847826086956,1077.0217391304348,819.8478260869565,386.92391304347825,0.0,517.7391304347826,3869.554347826087,2.0,0.0,18
146,Indiana,2p1c,790.5652173913044,549.0869565217391,1156.8369565217392,1029.2391304347825,485.39130434782606,681.8913043478261,619.4239130434783,5312.467391304348,2.0,1.0,18
147,Indiana,2p2c,790.5652173913044,695.6304347826087,1226.4565217391305,1238.6304347826087,538.4021739130435,1317.8478260869565,665.0,6472.195652173913,2.0,2.0,18
148,Indiana,2p3c,1034.641304347826,849.054347826087,1250.5652173913043,1447.6847826086957,682.5434782608696,1513.5869565217392,732.8369565217391,7510.847826086957,2.0,3.0,18
149,Indiana,2p4c,1034.641304347826,1039.0326086956522,1259.5108695652175,1656.945652173913,751.3586956521739,1513.5869565217392,680.8913043478261,7935.880434782609,2.0,4.0,18
150,Iowa,1p0c,534.3131313131313,253.32323232323233,937.2323232323232,406.45454545454544,285.4343434343434,0.0,456.969696969697,2873.4848484848485,1.0,0.0,19
151,Iowa,1p1c,750.4444444444445,373.3838383838384,1009.5656565656566,607.8686868686868,407.24242424242425,615.9191919191919,526.5151515151515,4291.050505050505,1.0,1.0,19
152,Iowa,1p2c,750.4444444444445,547.1111111111111,1106.909090909091,809.8181818181819,470.16161616161617,932.1515151515151,552.2222222222222,5168.969696969697,1.0,2.0,19
153,Iowa,1p3c,992.5959595959596,729.89898989899,1156.3232323232323,1011.7070707070707,624.0808080808081,1029.4141414141413,704.6262626262626,6249.030303030303,1.0,3.0,19
154,Iowa,1p4c,992.5959595959596,893.3939393939394,1183.4141414141413,1213.959595959596,683.3939393939394,1029.4141414141413,688.5252525252525,6684.646464646465,1.0,4.0,19
155,Iowa,2p0c,585.7171717171717,464.5353535353535,1117.5353535353536,812.1212121212121,380.5353535353535,0.0,532.8383838383838,3893.4646464646466,2.0,0.0,19
156,Iowa,2p1c,750.4444444444445,578.2121212121212,1215.5555555555557,1014.2121212121212,481.44444444444446,615.9191919191919,664.1111111111111,5319.686868686868,2.0,1.0,19
157,Iowa,2p2c,750.4444444444445,732.4141414141415,1262.7676767676767,1216.2727272727273,537.2020202020202,932.1515151515151,653.989898989899,6084.888888888889,2.0,2.0,19
158,Iowa,2p3c,992.5959595959596,894.010101010101,1288.1919191919192,1418.2424242424242,683.5858585858585,1029.4141414141413,723.6363636363636,7029.585858585859,2.0,3.0,19
159,Iowa,2p4c,992.5959595959596,1094.060606060606,1302.3737373737374,1619.858585858586,756.10101010101,1029.4141414141413,684.7373737373738,7479.333333333333,2.0,4.0,19
160,Kansas,1p0c,556.3904761904762,261.83809523809526,950.6571428571428,479.44761904761907,296.42857142857144,0.0,479.4190476190476,3023.8,1.0,0.0,20
161,Kansas,1p1c,747.552380952381,385.8095238095238,1010.9047619047619,716.6095238095238,410.7238095238095,555.1619047619048,499.5047619047619,4326.228571428572,1.0,1.0,20
162,Kansas,1p2c,747.552380952381,565.3142857142857,1090.0666666666666,954.3523809523809,475.752380952381,845.9904761904762,488.5238095238095,5167.523809523809,1.0,2.0,20
163,Kansas,1p3c,982.8,754.1904761904761,1153.5333333333333,1191.5619047619048,629.3809523809524,935.6095238095238,620.5714285714286,6267.7904761904765,1.0,3.0,20
164,Kansas,1p4c,982.8,923.1238095238095,1174.0761904761905,1429.3142857142857,690.5904761904762,935.6095238095238,592.0761904761905,6727.552380952381,1.0,4.0,20
165,Kansas,2p0c,585.3619047619047,479.95238095238096,1118.9238095238095,958.0761904761905,386.04761904761904,0.0,550.1333333333333,4078.6761904761906,2.0,0.0,20
166,Kansas,2p1c,747.552380952381,597.4,1197.1904761904761,1195.847619047619,487.3047619047619,555.1619047619048,642.8380952380952,5423.228571428572,2.0,1.0,20
167,Kansas,2p2c,747.552380952381,756.7523809523809,1261.304761904762,1433.1238095238095,545.0666666666667,845.9904761904762,614.5333333333333,6204.257142857143,2.0,2.0,20
168,Kansas,2p3c,982.8,923.7523809523809,1280.1333333333334,1671.009523809524,690.8571428571429,935.6095238095238,676.8,7160.6,2.0,3.0,20
169,Kansas,2p4c,982.8,1130.3904761904762,1287.1714285714286,1908.5047619047618,765.7428571428571,935.6095238095238,637.847619047619,7647.942857142857,2.0,4.0,20
170,Kentucky,1p0c,513.7083333333334,239.9,931.0666666666667,421.725,273.10833333333335,0.0,464.3666666666667,2843.8333333333335,1.0,0.0,21
171,Kentucky,1p1c,713.9166666666666,353.5833333333333,992.575,631.9416666666667,386.775,504.65,490.45,4074.0,1.0,1.0,21
172,Kentucky,1p2c,713.9166666666666,518.05,1062.4416666666666,842.5583333333333,446.375,1000.9916666666667,531.2083333333334,5115.35,1.0,2.0,21
173,Kentucky,1p3c,946.0416666666666,691.1083333333333,1111.2916666666667,1052.5833333333333,593.1916666666667,1153.725,664.55,6212.458333333333,1.0,3.0,21
174,Kentucky,1p4c,946.0416666666666,845.9833333333333,1139.4666666666667,1262.6083333333333,649.3416666666667,1153.725,636.0833333333334,6633.383333333333,1.0,4.0,21
175,Kentucky,2p0c,566.8333333333334,439.8666666666667,1094.1083333333333,843.45,364.78333333333336,0.0,564.0916666666667,3872.9416666666666,2.0,0.0,21
176,Kentucky,2p1c,713.9166666666666,547.5,1161.1333333333334,1053.7416666666666,457.09166666666664,504.65,635.625,5073.608333333334,2.0,1.0,21
177,Kentucky,2p2c,713.9166666666666,693.475,1208.275,1263.9583333333333,509.90833333333336,1000.9916666666667,657.1166666666667,6047.55,2.0,2.0,21
178,Kentucky,2p3c,946.0416666666666,846.475,1235.5166666666667,1474.15,649.4916666666667,1153.725,730.65,7036.158333333334,2.0,3.0,21
179,Kentucky,2p4c,946.0416666666666,1035.9583333333333,1267.525,1684.3666666666666,718.1083333333333,1153.725,696.5083333333333,7502.391666666666,2.0,4.0,21
180,Louisiana,1p0c,620.84375,272.015625,901.734375,499.046875,323.515625,0.0,472.75,3089.859375,1.0,0.0,22
181,Louisiana,1p1c,826.921875,400.90625,959.59375,749.671875,444.859375,436.84375,488.953125,4307.84375,1.0,1.0,22
182,Louisiana,1p2c,826.921875,587.375,1034.0625,1000.328125,512.453125,733.34375,509.8125,5204.265625,1.0,2.0,22
183,Louisiana,1p3c,1081.734375,783.625,1084.828125,1250.828125,675.828125,824.578125,674.203125,6375.65625,1.0,3.0,22
184,Louisiana,1p4c,1081.734375,959.171875,1113.484375,1501.59375,739.46875,824.578125,680.953125,6900.8125,1.0,4.0,22
185,Louisiana,2p0c,679.0,498.734375,1067.671875,998.09375,426.71875,0.0,573.0625,4243.25,2.0,0.0,22
186,Louisiana,2p1c,826.921875,620.6875,1140.40625,1248.71875,524.484375,436.84375,637.34375,5435.515625,2.0,1.0,22
187,Louisiana,2p2c,826.921875,786.265625,1189.984375,1499.375,584.5625,733.34375,627.84375,6247.921875,2.0,2.0,22
188,Louisiana,2p3c,1081.734375,959.734375,1218.03125,1749.90625,739.6875,824.578125,700.484375,7274.234375,2.0,3.0,22
189,Louisiana,2p4c,1081.734375,1174.53125,1240.546875,2000.65625,817.484375,824.578125,683.09375,7822.53125,2.0,4.0,22
190,Maine,1p0c,686.375,329.4375,913.125,433.8125,368.0625,0.0,516.5,3247.5,1.0,0.0,23
191,Maine,1p1c,935.5625,485.4375,982.5625,652.3125,514.9375,584.0,558.5,4713.6875,1.0,1.0,23
192,Maine,1p2c,935.5625,711.375,1062.875,871.0,596.75,976.1875,602.6875,5756.4375,1.0,2.0,23
193,Maine,1p3c,1208.8125,949.125,1132.3125,1089.625,781.9375,1097.0,816.9375,7075.5625,1.0,3.0,23
194,Maine,1p4c,1208.8125,1161.75,1163.3125,1307.9375,858.875,1097.0,826.6875,7624.25,1.0,4.0,23
195,Maine,2p0c,748.25,604.0,1082.75,867.9375,489.9375,0.0,585.5625,4378.75,2.0,0.0,23
196,Maine,2p1c,935.5625,751.625,1160.8125,1086.625,611.4375,584.0,698.4375,5828.625,2.0,1.0,23
197,Maine,2p2c,935.5625,951.9375,1230.75,1305.1875,684.0,976.1875,704.0625,6787.75,2.0,2.0,23
198,Maine,2p3c,1208.8125,1162.4375,1260.5,1523.4375,859.3125,1097.0,815.125,7926.4375,2.0,3.0,23
199,Maine,2p4c,1208.8125,1422.5625,1270.625,1741.9375,953.3125,1097.0,807.3125,8501.6875,2.0,4.0,23
200,Maryland,1p0c,925.25,288.375,875.4583333333334,297.6666666666667,439.75,0.0,558.1666666666666,3384.875,1.0,0.0,24
201,Maryland,1p1c,1252.875,425.0,974.0,450.0416666666667,607.9583333333334,800.9583333333334,689.6666666666666,5200.458333333333,1.0,1.0,24
202,Maryland,1p2c,1252.875,622.7083333333334,1066.75,602.2083333333334,679.625,1300.0,764.2916666666666,6288.625,1.0,2.0,24
203,Maryland,1p3c,1655.375,830.6666666666666,1146.2916666666667,754.5833333333334,900.875,1453.375,1032.375,7773.833333333333,1.0,3.0,24
204,Maryland,1p4c,1655.375,1016.875,1187.8333333333333,906.75,968.1666666666666,1453.375,1010.0416666666666,8198.916666666666,1.0,4.0,24
205,Maryland,2p0c,1031.375,528.7916666666666,1088.3333333333333,595.3333333333334,565.2083333333334,0.0,651.25,4460.416666666667,2.0,0.0,24
206,Maryland,2p1c,1252.875,658.0833333333334,1178.125,747.5,692.3333333333334,800.9583333333334,795.75,6125.916666666667,2.0,1.0,24
207,Maryland,2p2c,1252.875,833.4583333333334,1257.0,899.875,755.9166666666666,1300.0,804.9166666666666,7104.125,2.0,2.0,24
208,Maryland,2p3c,1655.375,1017.5,1296.5416666666667,1052.25,968.375,1453.375,973.625,8417.5,2.0,3.0,24
209,Maryland,2p4c,1655.375,1245.0833333333333,1325.1666666666667,1205.2083333333333,1050.9166666666667,1453.375,945.0833333333334,8880.0,2.0,4.0,24
210,Massachusetts,1p0c,1213.142857142857,333.92857142857144,829.8571428571429,369.5,560.5,0.0,691.4285714285714,3998.4285714285716,1.0,0.0,25
211,Massachusetts,1p1c,1690.7142857142858,491.85714285714283,912.2142857142857,568.7857142857143,790.7142857142857,1184.0714285714287,1066.7142857142858,6705.142857142857,1.0,1.0,25
212,Massachusetts,1p2c,1690.7142857142858,720.7857142857143,1004.2857142857143,767.7857142857143,873.7857142857143,1965.5,1347.7857142857142,8370.5,1.0,2.0,25
213,Massachusetts,1p3c,2130.785714285714,961.5,1082.5,966.6428571428571,1120.5,2205.785714285714,1731.9285714285713,10199.714285714286,1.0,3.0,25
214,Massachusetts,1p4c,2130.785714285714,1177.0,1135.5,1165.7142857142858,1198.5714285714287,2205.785714285714,1761.2142857142858,10774.5,1.0,4.0,25
215,Massachusetts,2p0c,1374.0714285714287,612.0,1026.7142857142858,739.7857142857143,719.4285714285714,0.0,817.5,5289.642857142857,2.0,0.0,25
216,Massachusetts,2p1c,1690.7142857142858,761.7142857142857,1116.7142857142858,938.6428571428571,888.6428571428571,1184.0714285714287,1151.5714285714287,7731.857142857143,2.0,1.0,25
217,Massachusetts,2p2c,1690.7142857142858,964.4285714285714,1194.5,1137.7142857142858,962.0714285714286,1965.5,1347.7857142857142,9262.857142857143,2.0,2.0,25
218,Massachusetts,2p3c,2130.785714285714,1177.642857142857,1247.7857142857142,1336.5714285714287,1198.7857142857142,2205.785714285714,1679.5,10976.92857142857,2.0,3.0,25
219,Massachusetts,2p4c,2130.785714285714,1441.2857142857142,1272.5,1535.5,1294.2142857142858,2205.785714285714,1720.357142857143,11600.5,2.0,4.0,25
220,Michigan,1p0c,575.9156626506024,260.144578313253,907.4216867469879,376.8433734939759,302.86746987951807,0.0,429.8072289156627,2852.722891566265,1.0,0.0,26
221,Michigan,1p1c,811.2168674698795,383.3614457831325,978.5180722891566,566.0843373493976,432.8313253012048,589.3855421686746,471.10843373493975,4232.265060240964,1.0,1.0,26
222,Michigan,1p2c,811.2168674698795,561.6626506024096,1053.3614457831325,755.2650602409639,497.4698795180723,1246.6024096385543,564.4819277108434,5489.891566265061,1.0,2.0,26
223,Michigan,1p3c,1061.6144578313254,749.3253012048193,1136.2168674698796,944.433734939759,656.2048192771084,1448.867469879518,727.1084337349398,6723.722891566265,1.0,3.0,26
224,Michigan,1p4c,1061.6144578313254,917.2048192771084,1164.9759036144578,1133.7951807228915,717.0361445783133,1448.867469879518,683.0963855421687,7126.433734939759,1.0,4.0,26
225,Michigan,2p0c,643.9277108433735,476.90361445783134,1080.2048192771085,753.0,406.09638554216866,0.0,526.4819277108434,3886.759036144578,2.0,0.0,26
226,Michigan,2p1c,811.2168674698795,593.5783132530121,1152.0481927710844,942.4578313253012,509.0240963855422,589.3855421686746,613.8192771084338,5211.481927710844,2.0,1.0,26
227,Michigan,2p2c,811.2168674698795,751.8795180722891,1236.6144578313254,1131.5903614457832,566.2650602409639,1246.6024096385543,675.7590361445783,6419.915662650603,2.0,2.0,26
228,Michigan,2p3c,1061.6144578313254,917.7951807228916,1263.5421686746988,1320.9638554216867,717.2289156626506,1448.867469879518,744.843373493976,7474.951807228916,2.0,3.0,26
229,Michigan,2p4c,1061.6144578313254,1123.1686746987953,1276.1927710843374,1510.2409638554218,791.6265060240963,1448.867469879518,688.5301204819277,7900.253012048192,2.0,4.0,26
230,Minnesota,1p0c,573.8505747126437,273.48275862068965,927.7586206896551,367.6896551724138,307.0,0.0,431.51724137931035,2881.2183908045977,1.0,0.0,27
231,Minnesota,1p1c,832.9540229885057,403.04597701149424,1005.448275862069,607.3218390804598,447.7931034482759,711.5402298850574,492.7816091954023,4500.827586206897,1.0,1.0,27
232,Minnesota,1p2c,832.9540229885057,590.4367816091954,1101.8275862068965,847.1494252873563,515.7931034482758,1200.4597701149426,574.1034482758621,5662.885057471264,1.0,2.0,27
233,Minnesota,1p3c,1132.5632183908046,787.8045977011494,1158.0804597701149,1087.1494252873563,695.7701149425287,1350.9540229885058,827.2413793103449,7039.517241379311,1.0,3.0,27
234,Minnesota,1p4c,1132.5632183908046,964.2183908045977,1189.5402298850574,1327.0229885057472,759.7701149425287,1350.9540229885058,827.1034482758621,7551.275862068966,1.0,4.0,27
235,Minnesota,2p0c,655.4942528735633,501.35632183908046,1109.2183908045977,734.6896551724138,419.17241379310343,0.0,517.6666666666666,3937.7816091954023,2.0,0.0,27
236,Minnesota,2p1c,832.9540229885057,623.9655172413793,1205.344827586207,974.6781609195402,527.8965517241379,711.5402298850574,658.4597701149426,5534.977011494253,2.0,1.0,27
237,Minnesota,2p2c,832.9540229885057,790.4022988505748,1259.7011494252874,1214.6666666666667,588.080459770115,1200.4597701149426,688.9310344827586,6575.183908045977,2.0,2.0,27
238,Minnesota,2p3c,1132.5632183908046,964.8620689655172,1289.7931034482758,1454.6666666666667,760.0,1350.9540229885058,839.735632183908,7792.425287356322,2.0,3.0,27
239,Minnesota,2p4c,1132.5632183908046,1180.7816091954023,1303.7701149425288,1694.4137931034484,838.2413793103449,1350.9540229885058,813.6321839080459,8314.379310344828,2.0,4.0,27
240,Mississippi,1p0c,551.4024390243902,266.0487804878049,921.3170731707318,489.1951219512195,296.1585365853659,0.0,462.1585365853659,2986.2195121951218,1.0,0.0,28
241,Mississippi,1p1c,725.109756097561,392.109756097561,975.0731707317074,732.0853658536586,404.8536585365854,274.4024390243902,414.7682926829268,3918.4024390243903,1.0,1.0,28
242,Mississippi,1p2c,725.109756097561,574.4024390243902,1034.6341463414635,975.5,470.8658536585366,414.1463414634146,394.7926829268293,4589.548780487805,1.0,2.0,28
243,Mississippi,1p3c,938.0365853658536,766.3536585365854,1075.9878048780488,1219.0731707317073,617.5731707317074,457.0975609756098,456.890243902439,5530.634146341464,1.0,3.0,28
244,Mississippi,1p4c,938.0365853658536,938.0243902439024,1098.9146341463415,1461.8048780487804,679.7439024390244,457.0975609756098,424.7560975609756,5998.5,1.0,4.0,28
245,Mississippi,2p0c,588.0243902439024,487.6707317073171,1079.8170731707316,978.390243902439,389.7926829268293,0.0,535.9512195121952,4059.5975609756097,2.0,0.0,28
246,Mississippi,2p1c,725.109756097561,607.0731707317074,1136.3902439024391,1221.280487804878,482.7073170731707,274.4024390243902,556.2926829268292,5003.304878048781,2.0,1.0,28
247,Mississippi,2p2c,725.109756097561,768.939024390244,1175.9878048780488,1464.6951219512196,541.280487804878,414.1463414634146,518.4268292682926,5608.451219512195,2.0,2.0,28
248,Mississippi,2p3c,938.0365853658536,938.5853658536586,1198.1829268292684,1707.6097560975609,679.939024390244,457.0975609756098,553.0121951219512,6472.768292682927,2.0,3.0,28
249,Mississippi,2p4c,938.0365853658536,1148.621951219512,1203.9756097560976,1951.0,756.060975609756,457.0975609756098,511.780487804878,6966.731707317073,2.0,4.0,28
250,Missouri,1p0c,501.9130434782609,249.72173913043477,912.9478260869565,501.67826086956524,272.3478260869565,0.0,433.4782608695652,2871.7739130434784,1.0,0.0,29
251,Missouri,1p1c,713.6434782608695,368.0695652173913,973.2260869565217,752.3304347826087,391.9478260869565,450.4260869565217,444.4869565217391,4094.113043478261,1.0,1.0,29
252,Missouri,1p2c,713.6434782608695,539.2434782608696,1037.2608695652175,1003.2521739130435,453.96521739130435,856.3391304347826,484.495652173913,5088.356521739131,1.0,2.0,29
253,Missouri,1p3c,947.4173913043478,719.3652173913043,1085.5826086956522,1254.2434782608696,603.9739130434782,981.3130434782609,628.7565217391304,6220.652173913043,1.0,3.0,29
254,Missouri,1p4c,947.4173913043478,880.591304347826,1133.0086956521739,1505.2608695652175,662.3739130434783,981.3130434782609,625.3304347826087,6735.156521739131,1.0,4.0,29
255,Missouri,2p0c,556.7565217391304,457.8695652173913,1080.095652173913,1002.6521739130435,367.68695652173915,0.0,502.6521739130435,3967.7739130434784,2.0,0.0,29
256,Missouri,2p1c,713.6434782608695,569.8086956521739,1141.121739130435,1253.6869565217391,465.0521739130435,450.4260869565217,585.4434782608696,5179.208695652174,2.0,1.0,29
257,Missouri,2p2c,713.6434782608695,721.8260869565217,1188.0782608695652,1504.7739130434782,520.0608695652174,856.3391304347826,608.0608695652174,6112.75652173913,2.0,2.0,29
258,Missouri,2p3c,947.4173913043478,881.104347826087,1237.5565217391304,1755.695652173913,662.5565217391304,981.3130434782609,698.3217391304348,7163.965217391305,2.0,3.0,29
259,Missouri,2p4c,947.4173913043478,1078.2695652173913,1248.0608695652174,2006.6782608695653,734.0,981.3130434782609,673.7739130434783,7669.452173913043,2.0,4.0,29
260,Montana,1p0c,586.4642857142857,284.5892857142857,1004.9642857142857,412.01785714285717,315.64285714285717,0.0,503.35714285714283,3106.6964285714284,1.0,0.0,30
261,Montana,1p1c,829.4464285714286,419.35714285714283,1066.8035714285713,618.1428571428571,452.42857142857144,604.6607142857143,575.3392857142857,4566.625,1.0,1.0,30
262,Montana,1p2c,829.4464285714286,614.5178571428571,1169.7857142857142,825.0,523.1071428571429,1299.3392857142858,739.7142857142857,6001.125,1.0,2.0,30
263,Montana,1p3c,1105.875,819.7321428571429,1210.4107142857142,1031.857142857143,697.7857142857143,1513.142857142857,989.4464285714286,7368.196428571428,1.0,3.0,30
264,Montana,1p4c,1105.875,1003.4107142857143,1229.6607142857142,1238.875,764.2678571428571,1513.142857142857,990.0535714285714,7844.892857142857,1.0,4.0,30
265,Montana,2p0c,653.0892857142857,521.6785714285714,1170.892857142857,823.9464285714286,425.6607142857143,0.0,562.8571428571429,4157.803571428572,2.0,0.0,30
266,Montana,2p1c,829.4464285714286,649.1964285714286,1275.5892857142858,1030.0714285714287,535.8035714285714,604.6607142857143,705.4107142857143,5630.571428571428,2.0,1.0,30
267,Montana,2p2c,829.4464285714286,822.4285714285714,1313.607142857143,1236.9285714285713,598.5535714285714,1299.3392857142858,806.4285714285714,6906.571428571428,2.0,2.0,30
268,Montana,2p3c,1105.875,1004.0357142857143,1330.9642857142858,1443.7857142857142,764.4642857142857,1513.142857142857,942.2142857142857,8104.339285714285,2.0,3.0,30
269,Montana,2p4c,1105.875,1228.75,1333.4642857142858,1649.9464285714287,845.875,1513.142857142857,933.0535714285714,8610.42857142857,2.0,4.0,30
270,Nebraska,1p0c,505.23655913978496,265.3225806451613,976.1397849462365,591.8172043010753,279.21505376344084,0.0,474.73118279569894,3092.1935483870966,1.0,0.0,31
271,Nebraska,1p1c,755.6989247311828,391.1182795698925,1036.6666666666667,884.236559139785,415.494623655914,576.4408602150538,518.4301075268817,4577.741935483871,1.0,1.0,31
272,Nebraska,1p2c,755.6989247311828,573.010752688172,1134.8172043010752,1176.752688172043,481.494623655914,1337.4301075268818,714.9569892473119,6173.817204301075,1.0,2.0,31
273,Nebraska,1p3c,984.505376344086,764.494623655914,1174.3763440860216,1469.215053763441,633.6989247311828,1571.6344086021506,983.7311827956989,7581.430107526881,1.0,3.0,31
274,Nebraska,1p4c,984.505376344086,935.741935483871,1193.258064516129,1761.6236559139784,695.741935483871,1571.6344086021506,1020.9677419354839,8163.408602150537,1.0,4.0,31
275,Nebraska,2p0c,592.0645161290323,486.5376344086022,1141.8172043010752,1182.774193548387,390.81720430107526,0.0,581.8172043010753,4375.860215053764,2.0,0.0,31
276,Nebraska,2p1c,755.6989247311828,605.6021505376344,1241.6236559139784,1475.279569892473,493.23655913978496,576.4408602150538,694.4731182795699,5842.387096774193,2.0,1.0,31
277,Nebraska,2p2c,755.6989247311828,767.010752688172,1278.6881720430108,1767.763440860215,551.6666666666666,1337.4301075268818,812.5483870967741,7270.870967741936,2.0,2.0,31
278,Nebraska,2p3c,984.505376344086,936.2258064516129,1296.0,2060.537634408602,696.010752688172,1571.6344086021506,982.494623655914,8527.376344086022,2.0,3.0,31
279,Nebraska,2p4c,984.505376344086,1145.8172043010752,1302.0,2353.0752688172042,771.8709677419355,1571.6344086021506,1003.2150537634409,9132.032258064517,2.0,4.0,31
280,Nevada,1p0c,603.5882352941177,289.94117647058823,1011.0588235294117,491.47058823529414,323.70588235294116,0.0,414.2352941176471,3133.470588235294,1.0,0.0,32
281,Nevada,1p1c,888.5294117647059,427.29411764705884,1087.0588235294117,737.5294117647059,476.7647058823529,676.4117647058823,458.11764705882354,4751.35294117647,1.0,1.0,32
282,Nevada,1p2c,888.5294117647059,625.9411764705883,1179.5882352941176,983.0588235294117,548.7058823529412,1212.764705882353,505.7647058823529,5944.411764705882,1.0,2.0,32
283,Nevada,1p3c,1234.1176470588234,835.0,1228.0588235294117,1229.235294117647,749.7058823529412,1377.5882352941176,695.7647058823529,7349.941176470588,1.0,3.0,32
284,Nevada,1p4c,1234.1176470588234,1022.1764705882352,1260.0,1475.4117647058824,817.4705882352941,1377.5882352941176,691.8235294117648,7878.882352941177,1.0,4.0,32
285,Nevada,2p0c,699.7647058823529,531.5882352941177,1193.3529411764705,982.7058823529412,446.05882352941177,0.0,511.0,4364.176470588235,2.0,0.0,32
286,Nevada,2p1c,888.5294117647059,661.5294117647059,1284.5294117647059,1228.2941176470588,561.5882352941177,676.4117647058823,594.8823529411765,5895.823529411765,2.0,1.0,32
287,Nevada,2p2c,888.5294117647059,837.7058823529412,1330.4117647058824,1474.5294117647059,625.4705882352941,1212.764705882353,597.1176470588235,6966.64705882353,2.0,2.0,32
288,Nevada,2p3c,1234.1176470588234,1022.7647058823529,1361.0588235294117,1720.5882352941176,817.7647058823529,1377.5882352941176,697.0,8231.058823529413,2.0,3.0,32
289,Nevada,2p4c,1234.1176470588234,1251.8235294117646,1363.8235294117646,1966.8823529411766,900.7058823529412,1377.5882352941176,660.7058823529412,8755.411764705883,2.0,4.0,32
290,New Hampshire,1p0c,789.6,314.3,906.9,319.8,400.1,0.0,416.4,3147.2,1.0,0.0,33
291,New Hampshire,1p1c,1136.6,463.4,1006.1,482.2,579.7,760.4,486.6,4914.5,1.0,1.0,33
292,New Hampshire,1p2c,1136.6,678.9,1080.2,643.6,658.0,1229.3,503.4,5930.2,1.0,2.0,33
293,New Hampshire,1p3c,1492.7,905.8,1150.4,805.7,869.1,1373.7,677.4,7274.4,1.0,3.0,33
294,New Hampshire,1p4c,1492.7,1108.6,1181.6,967.1,942.8,1373.7,648.1,7714.4,1.0,4.0,33
295,New Hampshire,2p0c,889.6,576.5,1115.4,639.9,531.1,0.0,490.9,4243.6,2.0,0.0,33
296,New Hampshire,2p1c,1136.6,717.5,1185.2,802.0,672.0,760.4,589.2,5862.5,2.0,1.0,33
297,New Hampshire,2p2c,1136.6,908.5,1254.7,963.4,741.2,1229.3,568.9,6803.3,2.0,2.0,33
298,New Hampshire,2p3c,1492.7,1109.4,1283.8,1125.5,943.0,1373.7,644.5,7972.5,2.0,3.0,33
299,New Hampshire,2p4c,1492.7,1357.8,1327.0,1287.2,1032.7,1373.7,601.3,8472.5,2.0,4.0,33
300,New Jersey,1p0c,1098.7142857142858,308.23809523809524,792.4285714285714,389.0,509.8095238095238,0.0,550.1428571428571,3648.5238095238096,1.0,0.0,34
301,New Jersey,1p1c,1574.142857142857,454.14285714285717,880.0,599.0,735.0,923.3333333333334,763.8095238095239,5928.809523809524,1.0,1.0,34
302,New Jersey,1p2c,1574.142857142857,665.4761904761905,974.7619047619048,808.0,811.5714285714286,1637.6666666666667,993.3809523809524,7464.761904761905,1.0,2.0,34
303,New Jersey,1p3c,2007.7142857142858,887.6666666666666,1070.1904761904761,1017.0,1049.047619047619,1857.5238095238096,1392.2857142857142,9281.47619047619,1.0,3.0,34
304,New Jersey,1p4c,2007.7142857142858,1086.5714285714287,1116.3333333333333,1226.0,1121.1904761904761,1857.5238095238096,1426.904761904762,9842.714285714286,1.0,4.0,34
305,New Jersey,2p0c,1275.0,565.047619047619,986.9047619047619,779.0,666.7142857142857,0.0,667.4285714285714,4939.857142857143,2.0,0.0,34
306,New Jersey,2p1c,1574.142857142857,703.2380952380952,1079.0,988.0,825.1428571428571,923.3333333333334,886.7619047619048,6979.476190476191,2.0,1.0,34
307,New Jersey,2p2c,1574.142857142857,890.4761904761905,1175.6190476190477,1197.0,893.047619047619,1637.6666666666667,1030.6666666666667,8399.0,2.0,2.0,34
308,New Jersey,2p3c,2007.7142857142858,1087.142857142857,1219.7619047619048,1406.0,1121.4761904761904,1857.5238095238096,1328.5714285714287,10028.47619047619,2.0,3.0,34
309,New Jersey,2p4c,2007.7142857142858,1330.5714285714287,1251.4761904761904,1616.0,1209.5714285714287,1857.5238095238096,1360.3809523809523,10632.857142857143,2.0,4.0,34
310,New Mexico,1p0c,639.8181818181819,270.57575757575756,924.030303030303,330.6969696969697,329.93939393939394,0.0,433.3939393939394,2928.242424242424,1.0,0.0,35
311,New Mexico,1p1c,842.939393939394,398.7878787878788,987.2424242424242,496.8484848484849,449.93939393939394,666.6969696969697,462.1212121212121,4304.393939393939,1.0,1.0,35
312,New Mexico,1p2c,842.939393939394,584.3030303030303,1061.3636363636363,663.0909090909091,517.1515151515151,1189.6666666666667,501.93939393939394,5360.121212121212,1.0,2.0,35
313,New Mexico,1p3c,1138.5151515151515,779.5454545454545,1108.7272727272727,829.3030303030303,695.030303030303,1350.4545454545455,653.9090909090909,6555.212121212121,1.0,3.0,35
314,New Mexico,1p4c,1138.5151515151515,954.1818181818181,1167.5151515151515,995.4545454545455,758.2727272727273,1350.4545454545455,613.9090909090909,6978.030303030303,1.0,4.0,35
315,New Mexico,2p0c,683.2121212121212,496.1212121212121,1093.7575757575758,661.1818181818181,427.3636363636364,0.0,461.27272727272725,3822.6060606060605,2.0,0.0,35
316,New Mexico,2p1c,842.939393939394,617.5151515151515,1165.7878787878788,827.5151515151515,529.1212121212121,666.6969696969697,581.0909090909091,5230.272727272727,2.0,1.0,35
317,New Mexico,2p2c,842.939393939394,782.1515151515151,1211.0,992.8787878787879,588.7878787878788,1189.6666666666667,594.1212121212121,6201.818181818182,2.0,2.0,35
318,New Mexico,2p3c,1138.5151515151515,954.8181818181819,1272.6363636363637,1159.1818181818182,758.5151515151515,1350.4545454545455,680.030303030303,7314.484848484848,2.0,3.0,35
319,New Mexico,2p4c,1138.5151515151515,1168.4848484848485,1277.3939393939395,1325.3636363636363,835.939393939394,1350.4545454545455,614.6969696969697,7711.212121212121,2.0,4.0,35
320,New York,1p0c,831.4677419354839,282.0,857.1451612903226,464.7741935483871,403.4516129032258,0.0,576.016129032258,3415.1129032258063,1.0,0.0,36
321,New York,1p1c,1100.6935483870968,415.64516129032256,934.6935483870968,778.5483870967741,549.3548387096774,866.2903225806451,736.9354838709677,5382.3387096774195,1.0,1.0,36
322,New York,1p2c,1100.6935483870968,608.9677419354839,1034.5806451612902,817.1290322580645,619.5322580645161,2009.241935483871,1048.4354838709678,7238.435483870968,1.0,2.0,36
323,New York,1p3c,1408.3709677419354,812.4354838709677,1092.774193548387,855.4032258064516,804.6935483870968,2361.016129032258,1308.6129032258063,8643.193548387097,1.0,3.0,36
324,New York,1p4c,1408.3709677419354,994.4516129032259,1125.774193548387,893.9354838709677,870.6290322580645,2361.016129032258,1226.0483870967741,8880.048387096775,1.0,4.0,36
325,New York,2p0c,906.1774193548387,517.0967741935484,1032.0967741935483,930.1612903225806,515.6612903225806,0.0,665.8548387096774,4567.0,2.0,0.0,36
326,New York,2p1c,1100.6935483870968,643.516129032258,1131.4032258064517,1302.8387096774193,632.0322580645161,866.2903225806451,901.9516129032259,6578.645161290323,2.0,1.0,36
327,New York,2p2c,1100.6935483870968,815.0322580645161,1187.5967741935483,1341.0967741935483,694.1451612903226,2009.241935483871,1110.5645161290322,8258.40322580645,2.0,2.0,36
328,New York,2p3c,1408.3709677419354,994.983870967742,1219.0967741935483,1379.4032258064517,870.8548387096774,2361.016129032258,1298.1935483870968,9532.016129032258,2.0,3.0,36
329,New York,2p4c,1408.3709677419354,1217.6935483870968,1232.9354838709678,1417.741935483871,951.5645161290323,2361.016129032258,1218.6129032258063,9808.064516129032,2.0,4.0,36
330,North Carolina,1p0c,640.71,260.8,913.14,465.51,326.58,0.0,496.81,3103.58,1.0,0.0,37
331,North Carolina,1p1c,805.15,384.3,975.9,698.68,431.0,627.69,536.31,4459.16,1.0,1.0,37
332,North Carolina,1p2c,805.15,563.07,1041.81,932.17,495.78,1021.2,573.77,5432.92,1.0,2.0,37
333,North Carolina,1p3c,1063.66,751.2,1093.57,1165.33,657.61,1142.35,746.52,6620.15,1.0,3.0,37
334,North Carolina,1p4c,1063.66,919.52,1126.14,1398.74,718.53,1142.35,745.03,7113.86,1.0,4.0,37
335,North Carolina,2p0c,657.41,478.1,1082.16,931.02,411.41,0.0,569.83,4129.93,2.0,0.0,37
336,North Carolina,2p1c,805.15,595.03,1144.86,1164.29,507.31,627.69,686.23,5530.61,2.0,1.0,37
337,North Carolina,2p2c,805.15,753.7,1195.3,1397.68,564.79,1021.2,698.75,6436.36,2.0,2.0,37
338,North Carolina,2p3c,1063.66,920.03,1227.56,1630.85,718.8,1142.35,792.33,7495.6,2.0,3.0,37
339,North Carolina,2p4c,1063.66,1125.93,1256.51,1864.32,793.32,1142.35,776.47,8022.46,2.0,4.0,37
340,North Dakota,1p0c,606.3584905660377,284.47169811320754,1008.2452830188679,379.92452830188677,322.8490566037736,0.0,410.9056603773585,3012.3396226415093,1.0,0.0,38
341,North Dakota,1p1c,780.9245283018868,419.3207547169811,1075.6792452830189,565.8490566037735,434.92452830188677,602.188679245283,402.6981132075472,4282.075471698113,1.0,1.0,38
342,North Dakota,1p2c,780.9245283018868,614.3207547169811,1141.4528301886792,752.622641509434,505.5660377358491,1169.0188679245282,432.54716981132077,5396.867924528302,1.0,2.0,38
343,North Dakota,1p3c,1074.433962264151,819.5094339622641,1188.5849056603774,939.4905660377359,686.2830188679245,1343.6037735849056,570.377358490566,6622.396226415094,1.0,3.0,38
344,North Dakota,1p4c,1074.433962264151,1003.2264150943396,1254.6037735849056,1126.2641509433963,752.811320754717,1343.6037735849056,548.0188679245283,7103.0,1.0,4.0,38
345,North Dakota,2p0c,621.8679245283018,521.5471698113207,1180.9245283018868,758.9622641509434,414.37735849056605,0.0,461.0,3958.754716981132,2.0,0.0,38
346,North Dakota,2p1c,780.9245283018868,649.0377358490566,1242.9811320754718,945.7735849056604,518.2075471698113,602.188679245283,514.3962264150944,5253.66037735849,2.0,1.0,38
347,North Dakota,2p2c,780.9245283018868,822.3584905660377,1288.0377358490566,1132.6037735849056,580.7924528301887,1169.0188679245282,520.1320754716982,6293.679245283019,2.0,2.0,38
348,North Dakota,2p3c,1074.433962264151,1003.7924528301887,1357.698113207547,1319.4150943396226,753.0566037735849,1343.6037735849056,597.0566037735849,7448.679245283019,2.0,3.0,38
349,North Dakota,2p4c,1074.433962264151,1228.5283018867924,1359.9433962264152,1506.1698113207547,834.433962264151,1343.6037735849056,540.0566037735849,7886.773584905661,2.0,4.0,38
350,Ohio,1p0c,569.3863636363636,245.0340909090909,881.4090909090909,380.8636363636364,295.1136363636364,0.0,387.95454545454544,2759.5113636363635,1.0,0.0,39
351,Ohio,1p1c,794.6363636363636,361.1363636363636,948.3181818181819,574.3522727272727,418.6931818181818,637.2272727272727,425.96590909090907,4160.454545454545,1.0,1.0,39
352,Ohio,1p2c,794.6363636363636,529.0568181818181,1026.6818181818182,767.9772727272727,479.6818181818182,1109.2613636363637,439.21590909090907,5146.772727272727,1.0,2.0,39
353,Ohio,1p3c,1034.1136363636363,705.8522727272727,1097.6136363636363,961.7954545454545,630.5227272727273,1254.6022727272727,547.2386363636364,6231.568181818182,1.0,3.0,39
354,Ohio,1p4c,1034.1136363636363,864.0113636363636,1125.3863636363637,1155.5113636363637,687.7840909090909,1254.6022727272727,491.04545454545456,6612.477272727273,1.0,4.0,39
355,Ohio,2p0c,631.375,449.21590909090907,1057.8977272727273,761.1590909090909,391.5568181818182,0.0,458.25,3749.556818181818,2.0,0.0,39
356,Ohio,2p1c,794.6363636363636,559.1136363636364,1134.4204545454545,955.0568181818181,490.60227272727275,637.2272727272727,540.3409090909091,5111.318181818182,2.0,1.0,39
357,Ohio,2p2c,794.6363636363636,708.3181818181819,1206.1704545454545,1148.715909090909,544.5340909090909,1109.2613636363637,543.7045454545455,6055.204545454545,2.0,2.0,39
358,Ohio,2p3c,1034.1136363636363,864.5340909090909,1232.3522727272727,1342.5227272727273,687.9545454545455,1254.6022727272727,589.6704545454545,7005.806818181818,2.0,3.0,39
359,Ohio,2p4c,1034.1136363636363,1058.0568181818182,1248.0454545454545,1536.125,758.0681818181819,1254.6022727272727,528.3068181818181,7417.386363636364,2.0,4.0,39
360,Oklahoma,1p0c,565.922077922078,265.8181818181818,960.3506493506494,467.4155844155844,301.3766233766234,0.0,478.9220779220779,3039.779220779221,1.0,0.0,40
361,Oklahoma,1p1c,758.5324675324675,391.76623376623377,1016.4415584415584,699.9090909090909,416.7792207792208,523.922077922078,482.57142857142856,4289.961038961039,1.0,1.0,40
362,Oklahoma,1p2c,758.5324675324675,573.9480519480519,1089.3766233766235,932.5844155844156,482.7792207792208,1172.3116883116884,580.3116883116883,5589.909090909091,1.0,2.0,40
363,Oklahoma,1p3c,999.4285714285714,765.7272727272727,1142.2597402597403,1165.1168831168832,639.5974025974026,1371.8181818181818,766.6883116883117,6850.922077922078,1.0,3.0,40
364,Oklahoma,1p4c,999.4285714285714,937.2207792207793,1182.0,1397.6493506493507,701.7012987012987,1371.8181818181818,770.9090909090909,7361.116883116883,1.0,4.0,40
365,Oklahoma,2p0c,598.4285714285714,487.31168831168833,1126.7402597402597,934.8311688311688,393.38961038961037,0.0,557.7532467532468,4098.480519480519,2.0,0.0,40
366,Oklahoma,2p1c,758.5324675324675,606.5454545454545,1197.7922077922078,1167.3246753246754,494.6363636363636,523.922077922078,644.4155844155844,5393.168831168831,2.0,1.0,40
367,Oklahoma,2p2c,758.5324675324675,768.3896103896104,1249.922077922078,1400.0389610389611,553.1428571428571,1172.3116883116884,714.5584415584416,6616.662337662337,2.0,2.0,40
368,Oklahoma,2p3c,999.4285714285714,937.9090909090909,1290.7012987012988,1632.6233766233765,701.987012987013,1371.8181818181818,824.4285714285714,7758.909090909091,2.0,3.0,40
369,Oklahoma,2p4c,999.4285714285714,1147.7142857142858,1294.4935064935064,1865.1168831168832,778.025974025974,1371.8181818181818,803.2597402597403,8260.116883116883,2.0,4.0,40
370,Oregon,1p0c,731.1944444444445,293.0,957.8333333333334,425.4166666666667,371.1388888888889,0.0,628.1944444444445,3406.5,1.0,0.0,41
371,Oregon,1p1c,1036.8055555555557,431.75,1021.5277777777778,638.3055555555555,532.1666666666666,665.6944444444445,795.4444444444445,5121.861111111111,1.0,1.0,41
372,Oregon,1p2c,1036.8055555555557,632.6111111111111,1095.4444444444443,851.4722222222222,604.8055555555555,1359.9722222222222,1025.6944444444443,6606.944444444444,1.0,2.0,41
373,Oregon,1p3c,1462.75,843.9444444444445,1156.388888888889,1064.638888888889,835.75,1573.7222222222222,1417.8333333333333,8354.833333333334,1.0,3.0,41
374,Oregon,1p4c,1462.75,1032.888888888889,1205.6944444444443,1277.5555555555557,904.2222222222222,1573.7222222222222,1457.9444444444443,8915.111111111111,1.0,4.0,41
375,Oregon,2p0c,829.8055555555555,537.0,1134.8333333333333,850.4722222222222,495.27777777777777,0.0,776.9166666666666,4624.361111111111,2.0,0.0,41
376,Oregon,2p1c,1036.8055555555557,668.3611111111111,1205.5555555555557,1063.5833333333333,617.8888888888889,665.6944444444445,981.3333333333334,6239.416666666667,2.0,1.0,41
377,Oregon,2p2c,1036.8055555555557,846.5277777777778,1265.4722222222222,1276.8333333333333,682.4444444444445,1359.9722222222222,1125.4444444444443,7593.472222222223,2.0,2.0,41
378,Oregon,2p3c,1462.75,1033.6666666666667,1316.0555555555557,1489.8333333333333,904.6111111111111,1573.7222222222222,1424.5277777777778,9204.805555555555,2.0,3.0,41
379,Oregon,2p4c,1462.75,1264.888888888889,1330.9166666666667,1702.9166666666667,988.3333333333334,1573.7222222222222,1457.861111111111,9781.111111111111,2.0,4.0,41
380,Pennsylvania,1p0c,638.0746268656717,271.35820895522386,867.9104477611941,373.8358208955224,329.53731343283584,0.0,447.9850746268657,2928.9701492537315,1.0,0.0,42
381,Pennsylvania,1p1c,870.6268656716418,399.97014925373134,948.5074626865671,562.7164179104477,460.43283582089555,711.7611940298508,524.8805970149253,4478.805970149254,1.0,1.0,42
382,Pennsylvania,1p2c,870.6268656716418,585.9850746268656,1028.2388059701493,751.2388059701492,527.7910447761194,1400.4626865671642,627.9253731343283,5792.179104477612,1.0,2.0,42
383,Pennsylvania,1p3c,1123.3880597014925,781.7164179104477,1109.5373134328358,939.9104477611941,690.2388059701492,1612.3432835820895,811.4477611940298,7068.388059701492,1.0,3.0,42
384,Pennsylvania,1p4c,1123.3880597014925,956.820895522388,1143.5671641791046,1128.4925373134329,753.7462686567164,1612.3432835820895,792.0,7510.328358208955,1.0,4.0,42
385,Pennsylvania,2p0c,700.179104477612,497.46268656716416,1055.9402985074628,748.223880597015,433.94029850746267,0.0,543.6865671641791,3979.6119402985073,2.0,0.0,42
386,Pennsylvania,2p1c,870.6268656716418,619.1641791044776,1132.358208955224,936.955223880597,539.8507462686567,711.7611940298508,658.6417910447761,5469.238805970149,2.0,1.0,42
387,Pennsylvania,2p2c,870.6268656716418,784.3432835820895,1214.6268656716418,1125.4626865671642,599.6417910447761,1400.4626865671642,729.4328358208955,6724.328358208955,2.0,2.0,42
388,Pennsylvania,2p3c,1123.3880597014925,957.4776119402985,1246.7462686567164,1313.8208955223881,753.955223880597,1612.3432835820895,824.3134328358209,7832.164179104478,2.0,3.0,42
389,Pennsylvania,2p4c,1123.3880597014925,1171.6716417910447,1275.597014925373,1502.6716417910447,831.5820895522388,1612.3432835820895,794.3731343283582,8311.328358208955,2.0,4.0,42
390,Rhode Island,1p0c,946.0,332.2,795.6,301.0,463.0,0.0,515.2,3353.8,1.0,0.0,44
391,Rhode Island,1p1c,1294.6,489.6,901.6,454.0,646.6,907.8,665.4,5359.2,1.0,1.0,44
392,Rhode Island,1p2c,1294.6,717.2,986.8,606.0,728.8,1609.4,816.6,6759.6,1.0,2.0,44
393,Rhode Island,1p3c,1661.2,956.8,1052.0,758.0,948.8,1825.4,1112.0,8314.0,1.0,3.0,44
394,Rhode Island,1p4c,1661.2,1171.4,1104.4,910.0,1026.2,1825.4,1113.4,8812.2,1.0,4.0,44
395,Rhode Island,2p0c,1059.6,609.2,1022.6,603.0,604.6,0.0,603.2,4501.4,2.0,0.0,44
396,Rhode Island,2p1c,1294.6,758.0,1104.0,755.0,743.8,907.8,776.0,6339.0,2.0,1.0,44
397,Rhode Island,2p2c,1294.6,959.8,1166.6,907.0,817.0,1609.4,837.2,7592.0,2.0,2.0,44
398,Rhode Island,2p3c,1661.2,1172.0,1219.0,1059.0,1026.8,1825.4,1031.2,8994.4,2.0,3.0,44
399,Rhode Island,2p4c,1661.2,1434.2,1284.6,1212.0,1121.8,1825.4,1029.6,9568.2,2.0,4.0,44
400,South Carolina,1p0c,629.7608695652174,255.7173913043478,897.2391304347826,402.9347826086956,320.7826086956522,0.0,457.32608695652175,2963.8478260869565,1.0,0.0,45
401,South Carolina,1p1c,795.2826086956521,376.82608695652175,962.1521739130435,605.9130434782609,424.7173913043478,441.39130434782606,389.7608695652174,3996.2391304347825,1.0,1.0,45
402,South Carolina,1p2c,795.2826086956521,552.1304347826087,1034.2826086956522,809.0,488.2173913043478,709.3695652173913,354.04347826086956,4742.391304347826,1.0,2.0,45
403,South Carolina,1p3c,1048.0,736.5434782608696,1079.5652173913043,1011.9347826086956,646.6086956521739,791.8260869565217,450.0869565217391,5764.54347826087,1.0,3.0,45
404,South Carolina,1p4c,1048.0,901.6739130434783,1110.0217391304348,1214.891304347826,706.4130434782609,791.8260869565217,388.2826086956522,6161.021739130435,1.0,4.0,45
405,South Carolina,2p0c,660.5,468.7391304347826,1067.0,805.8695652173913,409.17391304347825,0.0,494.5869565217391,3905.913043478261,2.0,0.0,45
406,South Carolina,2p1c,795.2826086956521,583.3913043478261,1136.5,1008.9565217391304,499.6304347826087,441.39130434782606,524.4782608695652,4989.586956521739,2.0,1.0,45
407,South Carolina,2p2c,795.2826086956521,739.0869565217391,1179.4347826086957,1211.9347826086957,555.8913043478261,709.3695652173913,455.2173913043478,5645.978260869565,2.0,2.0,45
408,South Carolina,2p3c,1048.0,902.1304347826087,1209.1304347826087,1414.9347826086957,706.5869565217391,791.8260869565217,507.54347826086956,6580.108695652174,2.0,3.0,45
409,South Carolina,2p4c,1048.0,1104.0869565217392,1221.304347826087,1617.891304347826,779.7826086956521,791.8260869565217,441.80434782608694,7004.586956521739,2.0,4.0,45
410,South Dakota,1p0c,519.6212121212121,279.1363636363636,964.3030303030303,567.7121212121212,289.45454545454544,0.0,394.2878787878788,3014.1969696969695,1.0,0.0,46
411,South Dakota,1p1c,743.5,411.45454545454544,1029.8181818181818,847.1818181818181,418.40909090909093,467.22727272727275,380.2878787878788,4298.318181818182,1.0,1.0,46
412,South Dakota,1p2c,743.5,602.8181818181819,1123.1666666666667,1127.5151515151515,487.8333333333333,974.0,405.6515151515151,5464.69696969697,1.0,2.0,46
413,South Dakota,1p3c,983.6060606060606,804.1515151515151,1162.6363636363637,1407.6666666666667,647.7575757575758,1129.939393939394,515.8030303030303,6651.878787878788,1.0,3.0,46
414,South Dakota,1p4c,983.6060606060606,984.4848484848485,1183.6666666666667,1687.9545454545455,713.0909090909091,1129.939393939394,509.6818181818182,7192.439393939394,1.0,4.0,46
415,South Dakota,2p0c,578.4242424242424,511.8030303030303,1129.030303030303,1134.5454545454545,395.030303030303,0.0,490.030303030303,4239.090909090909,2.0,0.0,46
416,South Dakota,2p1c,743.5,636.9242424242424,1223.3333333333333,1414.9242424242425,500.22727272727275,467.22727272727275,530.030303030303,5516.212121212121,2.0,1.0,46
417,South Dakota,2p2c,743.5,806.939393939394,1260.3030303030303,1695.030303030303,561.7272727272727,974.0,528.4848484848485,6569.772727272727,2.0,2.0,46
418,South Dakota,2p3c,983.6060606060606,985.0,1279.939393939394,1975.3636363636363,713.2727272727273,1129.939393939394,577.2121212121212,7644.257575757576,2.0,3.0,46
419,South Dakota,2p4c,983.6060606060606,1205.409090909091,1281.469696969697,2255.5151515151515,793.1363636363636,1129.939393939394,542.2727272727273,8191.30303030303,2.0,4.0,46
420,Tennessee,1p0c,567.978947368421,270.5157894736842,925.578947368421,420.5263157894737,303.82105263157894,0.0,368.1578947368421,2856.6105263157897,1.0,0.0,47
421,Tennessee,1p1c,748.1368421052632,398.6842105263158,988.9684210526316,631.3157894736842,415.53684210526313,537.5052631578948,337.4526315789474,4057.6736842105265,1.0,1.0,47
422,Tennessee,1p2c,748.1368421052632,584.1263157894737,1054.2421052631578,842.021052631579,482.7263157894737,840.4631578947368,289.4526315789474,4841.242105263158,1.0,2.0,47
423,Tennessee,1p3c,988.578947368421,779.3473684210526,1103.3157894736842,1052.9368421052632,640.578947368421,933.578947368421,337.2421052631579,5835.4631578947365,1.0,3.0,47
424,Tennessee,1p4c,988.578947368421,953.8631578947368,1134.2526315789473,1263.7263157894736,703.8105263157895,933.578947368421,269.7263157894737,6247.631578947368,1.0,4.0,47
425,Tennessee,2p0c,603.7578947368421,495.93684210526317,1093.8105263157895,841.0526315789474,398.46315789473687,0.0,428.6,3861.684210526316,2.0,0.0,47
426,Tennessee,2p1c,748.1368421052632,617.2526315789473,1155.5157894736842,1051.8736842105263,494.7684210526316,537.5052631578948,450.93684210526317,5056.0842105263155,2.0,1.0,47
427,Tennessee,2p2c,748.1368421052632,781.978947368421,1202.9473684210527,1262.6421052631579,554.3473684210526,840.4631578947368,390.3263157894737,5780.58947368421,2.0,2.0,47
428,Tennessee,2p3c,988.578947368421,954.5684210526316,1233.4105263157894,1473.578947368421,703.978947368421,933.578947368421,405.5473684210526,6693.126315789474,2.0,3.0,47
429,Tennessee,2p4c,988.578947368421,1168.0736842105264,1264.9684210526316,1684.2631578947369,781.4842105263158,933.578947368421,341.5684210526316,7162.4315789473685,2.0,4.0,47
430,Texas,1p0c,626.4566929133858,246.96850393700788,937.0433070866142,449.0748031496063,316.4803149606299,0.0,385.53937007874015,2961.5078740157483,1.0,0.0,48
431,Texas,1p1c,854.3740157480315,364.0,999.5433070866142,673.4330708661417,441.4685039370079,465.4251968503937,354.1062992125984,4152.082677165355,1.0,1.0,48
432,Texas,1p2c,854.3740157480315,533.3582677165355,1071.8740157480315,897.0944881889764,502.7992125984252,799.011811023622,313.6771653543307,4972.326771653543,1.0,2.0,48
433,Texas,1p3c,1132.8464566929133,711.503937007874,1125.6692913385828,1121.4330708661416,668.2952755905512,901.6062992125984,382.6377952755906,6043.818897637795,1.0,3.0,48
434,Texas,1p4c,1132.8464566929133,870.9015748031496,1166.8779527559054,1345.236220472441,726.0629921259842,901.6062992125984,321.49212598425197,6465.2322834645665,1.0,4.0,48
435,Texas,2p0c,690.5708661417323,452.8031496062992,1110.0984251968505,898.1496062992126,414.26377952755905,0.0,454.3228346456693,4020.1692913385828,2.0,0.0,48
436,Texas,2p1c,854.3740157480315,563.5472440944882,1180.4724409448818,1121.8937007874015,513.7913385826772,465.4251968503937,470.59448818897636,5170.421259842519,2.0,1.0,48
437,Texas,2p2c,854.3740157480315,713.9133858267717,1233.4370078740158,1346.2125984251968,568.1811023622047,799.011811023622,416.74015748031496,5931.826771653543,2.0,2.0,48
438,Texas,2p3c,1132.8464566929133,871.4212598425197,1275.7795275590552,1570.5944881889764,726.2637795275591,901.6062992125984,447.37007874015745,6925.822834645669,2.0,3.0,48
439,Texas,2p4c,1132.8464566929133,1066.4606299212599,1283.3464566929133,1794.3818897637796,796.8779527559055,901.6062992125984,377.28740157480314,7352.9488188976375,2.0,4.0,48
440,Utah,1p0c,620.8965517241379,273.0,1000.5862068965517,399.62068965517244,323.8965517241379,0.0,500.6551724137931,3118.2758620689656,1.0,0.0,49
441,Utah,1p1c,869.6206896551724,402.2068965517241,1087.344827586207,612.2758620689655,460.7931034482759,582.1379310344828,565.3103448275862,4579.931034482759,1.0,1.0,49
442,Utah,1p2c,869.6206896551724,589.2068965517242,1193.1724137931035,825.6551724137931,528.6896551724138,1291.6896551724137,739.6896551724138,6037.793103448276,1.0,2.0,49
443,Utah,1p3c,1178.9655172413793,786.1724137931035,1248.448275862069,1038.551724137931,711.9655172413793,1510.103448275862,1017.0,7491.379310344828,1.0,3.0,49
444,Utah,1p4c,1178.9655172413793,962.3103448275862,1284.551724137931,1251.7931034482758,775.8965517241379,1510.103448275862,1035.2758620689656,7998.724137931034,1.0,4.0,49
445,Utah,2p0c,700.448275862069,500.37931034482756,1193.3103448275863,798.8965517241379,435.0689655172414,0.0,568.5862068965517,4196.448275862069,2.0,0.0,49
446,Utah,2p1c,869.6206896551724,622.8965517241379,1298.7586206896551,1011.7241379310345,540.7931034482758,582.1379310344828,707.8620689655172,5633.724137931034,2.0,1.0,49
447,Utah,2p2c,869.6206896551724,788.8275862068965,1351.4137931034484,1225.0689655172414,600.8620689655172,1291.6896551724137,821.1379310344828,6948.172413793103,2.0,2.0,49
448,Utah,2p3c,1178.9655172413793,963.0,1386.1724137931035,1437.8620689655172,776.1034482758621,1510.103448275862,986.0,8238.172413793103,2.0,3.0,49
449,Utah,2p4c,1178.9655172413793,1178.344827586207,1401.3793103448277,1651.2068965517242,854.1034482758621,1510.103448275862,991.1379310344828,8765.137931034482,2.0,4.0,49
450,Vermont,1p0c,763.5,328.42857142857144,930.5,564.1428571428571,395.7142857142857,0.0,543.5714285714286,3525.9285714285716,1.0,0.0,50
451,Vermont,1p1c,1054.5714285714287,484.07142857142856,1013.2857142857143,1060.5,557.5,767.8571428571429,744.0714285714286,5681.714285714285,1.0,1.0,50
452,Vermont,1p2c,1054.5714285714287,709.1428571428571,1114.5,1099.2857142857142,639.1428571428571,1252.4285714285713,809.4285714285714,6678.428571428572,1.0,2.0,50
453,Vermont,1p3c,1352.4285714285713,946.0,1178.9285714285713,1138.642857142857,832.8571428571429,1401.5714285714287,995.2857142857143,7845.857142857143,1.0,3.0,50
454,Vermont,1p4c,1352.4285714285713,1158.0714285714287,1212.4285714285713,1178.2142857142858,909.8571428571429,1401.5714285714287,933.5714285714286,8145.642857142857,1.0,4.0,50
455,Vermont,2p0c,847.7142857142857,602.0714285714286,1114.0714285714287,1128.5,525.2857142857143,0.0,682.7857142857143,4900.571428571428,2.0,0.0,50
456,Vermont,2p1c,1054.5714285714287,749.4285714285714,1214.4285714285713,1565.857142857143,653.5714285714286,767.8571428571429,885.5714285714286,6891.428571428572,2.0,1.0,50
457,Vermont,2p2c,1054.5714285714287,949.0,1277.5714285714287,1605.2142857142858,726.0,1252.4285714285713,878.0714285714286,7742.714285714285,2.0,2.0,50
458,Vermont,2p3c,1352.4285714285713,1158.857142857143,1309.0714285714287,1644.0,909.8571428571429,1401.5714285714287,978.8571428571429,8754.714285714286,2.0,3.0,50
459,Vermont,2p4c,1352.4285714285713,1418.0,1335.2857142857142,1683.357142857143,1003.7142857142857,1401.5714285714287,920.5714285714286,9115.0,2.0,4.0,50
460,Virginia,1p0c,760.7443609022556,274.42105263157896,899.2406015037594,438.0676691729323,375.05263157894734,0.0,549.9398496240601,3297.5263157894738,1.0,0.0,51
461,Virginia,1p1c,981.8496240601504,404.4812030075188,977.7293233082706,658.8045112781955,502.30827067669173,719.6390977443609,665.3458646616541,4910.150375939849,1.0,1.0,51
462,Virginia,1p2c,981.8496240601504,592.5864661654135,1058.406015037594,879.2857142857143,570.4887218045113,1198.345864661654,753.2857142857143,6034.496240601504,1.0,2.0,51
463,Virginia,1p3c,1302.6165413533834,790.5112781954887,1114.0,1100.0225563909773,758.4661654135339,1345.654135338346,995.7067669172932,7407.18045112782,1.0,3.0,51
464,Virginia,1p4c,1302.6165413533834,967.6992481203008,1161.0526315789473,1321.0827067669172,822.6390977443609,1345.654135338346,1008.2631578947369,7928.736842105263,1.0,4.0,51
465,Virginia,2p0c,820.1353383458646,503.17293233082705,1091.3533834586467,876.1353383458646,479.49624060150376,0.0,644.4661654135339,4414.721804511279,2.0,0.0,51
466,Virginia,2p1c,981.8496240601504,626.172932330827,1170.015037593985,1096.8646616541353,582.6466165413534,719.6390977443609,791.7894736842105,5969.06015037594,2.0,1.0,51
467,Virginia,2p2c,981.8496240601504,793.1804511278195,1224.015037593985,1317.6616541353383,643.1203007518797,1198.345864661654,829.2706766917294,6987.330827067669,2.0,2.0,51
468,Virginia,2p3c,1302.6165413533834,968.2706766917294,1271.9248120300751,1538.2105263157894,822.8721804511279,1345.654135338346,990.2105263157895,8239.90977443609,2.0,3.0,51
469,Virginia,2p4c,1302.6165413533834,1184.96992481203,1288.0375939849623,1759.2857142857142,901.3157894736842,1345.654135338346,986.3233082706766,8767.984962406015,2.0,4.0,51
470,Washington,1p0c,739.9487179487179,297.1794871794872,964.1538461538462,361.8974358974359,375.8205128205128,0.0,418.53846153846155,3157.4102564102564,1.0,0.0,53
471,Washington,1p1c,1054.179487179487,438.0,1038.7948717948718,543.1282051282051,540.5384615384615,743.0512820512821,475.87179487179486,4833.615384615385,1.0,1.0,53
472,Washington,1p2c,1054.179487179487,641.7435897435897,1135.7435897435898,724.4615384615385,614.4615384615385,1266.5384615384614,512.5128205128206,5949.51282051282,1.0,2.0,53
473,Washington,1p3c,1475.7948717948718,856.0769230769231,1207.923076923077,906.1025641025641,844.9230769230769,1427.4871794871794,719.8717948717949,7438.051282051282,1.0,3.0,53
474,Washington,1p4c,1475.7948717948718,1047.8461538461538,1242.5384615384614,1087.5641025641025,914.3846153846154,1427.4871794871794,694.0769230769231,7889.74358974359,1.0,4.0,53
475,Washington,2p0c,836.6923076923077,544.7692307692307,1150.3333333333333,723.2564102564103,500.61538461538464,0.0,492.0,4247.615384615385,2.0,0.0,53
476,Washington,2p1c,1054.179487179487,678.1282051282051,1246.179487179487,904.7948717948718,627.6666666666666,743.0512820512821,584.8717948717949,5838.7692307692305,2.0,1.0,53
477,Washington,2p2c,1054.179487179487,858.7948717948718,1317.7692307692307,1086.2051282051282,693.1538461538462,1266.5384615384614,580.5897435897435,6857.076923076923,2.0,2.0,53
478,Washington,2p3c,1475.7948717948718,1048.5128205128206,1350.7435897435898,1267.7179487179487,914.6923076923077,1427.4871794871794,692.6666666666666,8177.538461538462,2.0,3.0,53
479,Washington,2p4c,1475.7948717948718,1283.1025641025642,1368.8461538461538,1449.1025641025642,999.6666666666666,1427.4871794871794,647.1538461538462,8651.307692307691,2.0,4.0,53
480,West Virginia,1p0c,551.5454545454545,249.05454545454546,920.0,671.9818181818182,290.09090909090907,0.0,512.8363636363637,3195.5272727272727,1.0,0.0,54
481,West Virginia,1p1c,711.8,366.96363636363634,986.6909090909091,1007.3272727272728,390.92727272727274,559.1818181818181,587.6909090909091,4610.327272727272,1.0,1.0,54
482,West Virginia,1p2c,711.8,537.6727272727272,1055.3272727272727,1342.6181818181817,452.7090909090909,1105.490909090909,718.5818181818182,5924.127272727273,1.0,2.0,54
483,West Virginia,1p3c,934.7818181818182,717.3090909090909,1112.2363636363636,1677.7818181818182,598.5636363636364,1273.490909090909,957.709090909091,7272.036363636364,1.0,3.0,54
484,West Virginia,1p4c,934.7818181818182,878.1090909090909,1151.8363636363636,2013.2181818181818,656.8545454545455,1273.490909090909,1012.4545454545455,7920.636363636364,1.0,4.0,54
485,West Virginia,2p0c,582.3272727272728,456.6,1091.581818181818,1343.9636363636364,376.43636363636364,0.0,681.9454545454546,4532.636363636364,2.0,0.0,54
486,West Virginia,2p1c,711.8,568.1636363636363,1156.7818181818182,1679.2545454545455,463.8727272727273,559.1818181818181,815.0,5954.145454545454,2.0,1.0,54
487,West Virginia,2p2c,711.8,719.8727272727273,1212.581818181818,2014.509090909091,518.7636363636364,1105.490909090909,907.7636363636364,7190.509090909091,2.0,2.0,54
488,West Virginia,2p3c,934.7818181818182,878.6545454545454,1252.3636363636363,2349.836363636364,657.0363636363636,1273.490909090909,1057.9636363636364,8404.054545454546,2.0,3.0,54
489,West Virginia,2p4c,934.7818181818182,1075.290909090909,1279.6727272727273,2685.163636363636,728.290909090909,1273.490909090909,1102.3636363636363,9079.0,2.0,4.0,54
490,Wisconsin,1p0c,564.8611111111111,261.5138888888889,913.1111111111111,440.625,299.43055555555554,0.0,439.7638888888889,2919.125,1.0,0.0,55
491,Wisconsin,1p1c,811.6527777777778,385.3888888888889,988.5,662.25,433.68055555555554,777.9444444444445,578.4027777777778,4637.944444444444,1.0,1.0,55
492,Wisconsin,1p2c,811.6527777777778,564.6111111111111,1087.8055555555557,884.2777777777778,498.69444444444446,1336.8055555555557,688.3888888888889,5872.194444444444,1.0,2.0,55
493,Wisconsin,1p3c,1066.875,753.2916666666666,1138.0694444444443,1106.2222222222222,659.4722222222222,1508.8055555555557,911.5555555555555,7144.333333333333,1.0,3.0,55
494,Wisconsin,1p4c,1066.875,922.0277777777778,1165.3333333333333,1328.125,720.6666666666666,1508.8055555555557,924.0277777777778,7636.013888888889,1.0,4.0,55
495,Wisconsin,2p0c,632.6527777777778,479.4166666666667,1093.5694444444443,880.6111111111111,402.94444444444446,0.0,491.55555555555554,3980.8888888888887,2.0,0.0,55
496,Wisconsin,2p1c,811.6527777777778,596.6666666666666,1193.2222222222222,1102.75,510.2916666666667,777.9444444444445,679.4166666666666,5671.930555555556,2.0,1.0,55
497,Wisconsin,2p2c,811.6527777777778,755.8333333333334,1241.111111111111,1324.7222222222222,567.8611111111111,1336.8055555555557,740.5555555555555,6778.430555555556,2.0,2.0,55
498,Wisconsin,2p3c,1066.875,922.6666666666666,1266.5833333333333,1546.7083333333333,720.8611111111111,1508.8055555555557,866.2916666666666,7898.569444444444,2.0,3.0,55
499,Wisconsin,2p4c,1066.875,1129.0694444444443,1283.388888888889,1768.6666666666667,795.6111111111111,1508.8055555555557,867.1527777777778,8419.597222222223,2.0,4.0,55
500,Wyoming,1p0c,640.0869565217391,287.4782608695652,986.5217391304348,600.3478260869565,335.95652173913044,0.0,440.7391304347826,3291.1304347826085,1.0,0.0,56
501,Wyoming,1p1c,842.0869565217391,423.69565217391306,1088.9565217391305,900.0,458.6521739130435,706.2608695652174,486.4347826086956,4906.086956521739,1.0,1.0,56
502,Wyoming,1p2c,842.0869565217391,620.5217391304348,1158.6521739130435,1200.608695652174,530.0,1706.0,683.6521739130435,6741.695652173913,1.0,2.0,56
503,Wyoming,1p3c,1138.8695652173913,828.0434782608696,1214.2608695652175,1501.1739130434783,712.695652173913,2013.6521739130435,959.5652173913044,8368.04347826087,1.0,3.0,56
504,Wyoming,1p4c,1138.8695652173913,1013.5652173913044,1247.4347826086957,1800.8695652173913,780.0,2013.6521739130435,980.8260869565217,8975.652173913044,1.0,4.0,56
505,Wyoming,2p0c,676.695652173913,527.0,1204.2608695652175,1200.608695652174,436.2173913043478,0.0,549.2608695652174,4593.782608695652,2.0,0.0,56
506,Wyoming,2p1c,842.0869565217391,655.7826086956521,1269.7826086956522,1500.3478260869565,542.7826086956521,706.2608695652174,639.1304347826087,6156.260869565217,2.0,1.0,56
507,Wyoming,2p2c,842.0869565217391,830.7826086956521,1323.5652173913043,1800.9130434782608,606.1304347826087,1706.0,760.8260869565217,7870.04347826087,2.0,2.0,56
508,Wyoming,2p3c,1138.8695652173913,1014.304347826087,1355.8695652173913,2100.608695652174,780.2173913043479,2013.6521739130435,936.4782608695652,9340.173913043478,2.0,3.0,56
509,Wyoming,2p4c,1138.8695652173913,1241.2173913043478,1396.1304347826087,2401.1739130434785,862.2608695652174,2013.6521739130435,945.0869565217391,9998.652173913044,2.0,4.0,56
